{"cameraMode":{"drawMode":0,"name":"Shaded","section":"Shading Mode"},"sceneLighting":true,"audioPlay":false,"sceneViewState":{"m_AlwaysRefresh":false,"showFog":true,"showSkybox":true,"showFlares":true,"showImageEffects":true,"showParticleSystems":true,"showVisualEffectGraphs":true,"m_FxEnabled":true},"in2DMode":false,"pivot":{"x":-23.200332641601564,"y":10.450531005859375,"z":-0.8084681034088135},"rotation":{"x":-0.012588747777044773,"y":0.8345378041267395,"z":-0.5509737133979797,"w":-0.017875248566269876},"size":0.5632755756378174,"orthographic":false}