{"cameraMode":{"drawMode":0,"name":"Shaded","section":"Shading Mode"},"sceneLighting":true,"audioPlay":false,"sceneViewState":{"m_AlwaysRefresh":false,"showFog":true,"showSkybox":true,"showFlares":true,"showImageEffects":true,"showParticleSystems":true,"showVisualEffectGraphs":true,"m_FxEnabled":true},"in2DMode":false,"pivot":{"x":-9.874796867370606,"y":1.8910837173461915,"z":-0.22018928825855256},"rotation":{"x":-0.0432310551404953,"y":0.8193614482879639,"z":-0.06126965209841728,"w":-0.5687794089317322},"size":0.5632755756378174,"orthographic":false}