{"cameraMode":{"drawMode":0,"name":"Shaded","section":"Shading Mode"},"sceneLighting":true,"audioPlay":false,"sceneViewState":{"m_AlwaysRefresh":false,"showFog":true,"showSkybox":true,"showFlares":true,"showImageEffects":true,"showParticleSystems":true,"showVisualEffectGraphs":true,"m_FxEnabled":true},"in2DMode":false,"pivot":{"x":-1.5390009880065919,"y":3.8681018352508547,"z":-4.0226593017578129},"rotation":{"x":-0.07076838612556458,"y":0.8994526863098145,"z":-0.15646317601203919,"w":-0.4024624526500702},"size":0.5632755756378174,"orthographic":false}