{"cameraMode":{"drawMode":0,"name":"Shaded","section":"Shading Mode"},"sceneLighting":true,"audioPlay":false,"sceneViewState":{"m_AlwaysRefresh":false,"showFog":true,"showSkybox":true,"showFlares":true,"showImageEffects":true,"showParticleSystems":true,"showVisualEffectGraphs":true,"m_FxEnabled":true},"in2DMode":false,"pivot":{"x":-14.994364738464356,"y":2.507808208465576,"z":-1.8646106719970704},"rotation":{"x":-0.13050396740436555,"y":0.7641565203666687,"z":-0.16265998780727387,"w":-0.6107556223869324},"size":0.5632755756378174,"orthographic":false}