{"cameraMode":{"drawMode":0,"name":"Shaded","section":"Shading Mode"},"sceneLighting":true,"audioPlay":false,"sceneViewState":{"m_AlwaysRefresh":false,"showFog":true,"showSkybox":true,"showFlares":true,"showImageEffects":true,"showParticleSystems":true,"showVisualEffectGraphs":true,"m_FxEnabled":true},"in2DMode":false,"pivot":{"x":-8.634696960449219,"y":18.772668838500978,"z":6.57700252532959},"rotation":{"x":-0.0007190205506049097,"y":0.8404789566993713,"z":-0.5423290133476257,"w":-0.0005225507193244994},"size":0.3062751889228821,"orthographic":false}