{"cameraMode":{"drawMode":0,"name":"Shaded","section":"Shading Mode"},"sceneLighting":true,"audioPlay":false,"sceneViewState":{"m_AlwaysRefresh":false,"showFog":true,"showSkybox":true,"showFlares":true,"showImageEffects":true,"showParticleSystems":true,"showVisualEffectGraphs":true,"m_FxEnabled":true},"in2DMode":false,"pivot":{"x":-20.037220001220704,"y":7.575741291046143,"z":0.5783348083496094},"rotation":{"x":-0.09657546877861023,"y":0.7689129710197449,"z":-0.6211360096931458,"w":-0.11900787800550461},"size":0.3062751889228821,"orthographic":false}