{"cameraMode":{"drawMode":0,"name":"Shaded","section":"Shading Mode"},"sceneLighting":true,"audioPlay":false,"sceneViewState":{"m_AlwaysRefresh":false,"showFog":true,"showSkybox":true,"showFlares":true,"showImageEffects":true,"showParticleSystems":true,"showVisualEffectGraphs":true,"m_FxEnabled":true},"in2DMode":false,"pivot":{"x":-4.447013854980469,"y":3.5393283367156984,"z":-10.008279800415039},"rotation":{"x":0.0008492480264976621,"y":0.9987691044807434,"z":0.04497554153203964,"w":-0.019468994811177255},"size":0.662524938583374,"orthographic":false}