{"cameraMode":{"drawMode":0,"name":"Shaded","section":"Shading Mode"},"sceneLighting":true,"audioPlay":false,"sceneViewState":{"m_AlwaysRefresh":false,"showFog":true,"showSkybox":true,"showFlares":true,"showImageEffects":true,"showParticleSystems":true,"showVisualEffectGraphs":true,"m_FxEnabled":true},"in2DMode":false,"pivot":{"x":-7.3327436447143559,"y":7.511899471282959,"z":2.2932052612304689},"rotation":{"x":0.0022797170095145704,"y":0.8758013248443604,"z":-0.4830552935600281,"w":0.00459583243355155},"size":0.47522231936454775,"orthographic":false}