{"cameraMode":{"drawMode":0,"name":"Shaded","section":"Shading Mode"},"sceneLighting":false,"audioPlay":false,"sceneViewState":{"m_AlwaysRefresh":false,"showFog":true,"showSkybox":false,"showFlares":true,"showImageEffects":true,"showParticleSystems":true,"showVisualEffectGraphs":true,"m_FxEnabled":true},"in2DMode":false,"pivot":{"x":2.6989998817443849,"y":0.25599998235702517,"z":0.9950000047683716},"rotation":{"x":-0.01117213349789381,"y":0.9888439774513245,"z":-0.10270946472883225,"w":-0.10719740390777588},"size":0.36742350459098818,"orthographic":false}